{"cameraMode":{"drawMode":0,"name":"Shaded","section":"Shading Mode"},"sceneLighting":false,"audioPlay":false,"sceneViewState":{"showFog":true,"showMaterialUpdate":false,"showSkybox":false,"showFlares":true,"showImageEffects":true,"showParticleSystems":true},"in2DMode":false,"pivot":{"x":79.19999694824219,"y":0.6000902652740479,"z":-228.0},"rotation":{"x":0.40667206048965456,"y":0.004106859676539898,"z":-0.0018278304487466813,"w":0.9135718941688538},"size":37.88497543334961,"orthographic":false}