{"cameraMode":{"drawMode":0,"name":"Shaded","section":"Shading Mode"},"sceneLighting":false,"audioPlay":false,"sceneViewState":{"showFog":true,"showMaterialUpdate":false,"showSkybox":false,"showFlares":true,"showImageEffects":true,"showParticleSystems":true},"in2DMode":false,"pivot":{"x":884.3267822265625,"y":219.201171875,"z":-186.3314666748047},"rotation":{"x":0.40667206048965456,"y":0.004106859676539898,"z":-0.0018278304487466813,"w":0.9135718941688538},"size":14.103365898132325,"orthographic":false}