{"cameraMode":{"drawMode":0,"name":"Shaded","section":"Shading Mode"},"sceneLighting":false,"audioPlay":false,"sceneViewState":{"showFog":true,"showMaterialUpdate":false,"showSkybox":false,"showFlares":true,"showImageEffects":true,"showParticleSystems":true},"in2DMode":false,"pivot":{"x":918.9996337890625,"y":43.00048828125,"z":0.000011444091796875},"rotation":{"x":0.37890127301216128,"y":0.02913898043334484,"z":-0.01193949580192566,"w":0.9249090552330017},"size":140.97889709472657,"orthographic":false}