{"cameraMode":{"drawMode":0,"name":"Shaded","section":"Shading Mode"},"sceneLighting":true,"audioPlay":false,"sceneViewState":{"showFog":true,"showMaterialUpdate":false,"showSkybox":true,"showFlares":true,"showImageEffects":true,"showParticleSystems":true},"in2DMode":false,"pivot":{"x":112.00580596923828,"y":4.0772247314453129,"z":-34.50404357910156},"rotation":{"x":0.3662622272968292,"y":0.03766568750143051,"z":-0.014841948635876179,"w":0.9296384453773499},"size":268.6005554199219,"orthographic":false}