{"cameraMode":{"drawMode":0,"name":"Shaded","section":"Shading Mode"},"sceneLighting":false,"audioPlay":false,"sceneViewState":{"showFog":true,"showMaterialUpdate":false,"showSkybox":false,"showFlares":true,"showImageEffects":true,"showParticleSystems":true},"in2DMode":false,"pivot":{"x":91.7690200805664,"y":0.09999847412109375,"z":-100.35124206542969},"rotation":{"x":0.40667206048965456,"y":0.004106859676539898,"z":-0.0018278304487466813,"w":0.9135718941688538},"size":138.01287841796876,"orthographic":false}