{"cameraMode":{"drawMode":0,"name":"Shaded","section":"Shading Mode"},"sceneLighting":true,"audioPlay":false,"sceneViewState":{"showFog":true,"showMaterialUpdate":false,"showSkybox":true,"showFlares":true,"showImageEffects":true,"showParticleSystems":true},"in2DMode":false,"pivot":{"x":256.41363525390627,"y":110.92591857910156,"z":-306.5112609863281},"rotation":{"x":0.2837675213813782,"y":-0.11329837888479233,"z":0.03378570079803467,"w":0.9515856504440308},"size":16.689485549926759,"orthographic":false}