{"cameraMode":{"drawMode":0,"name":"Shaded","section":"Shading Mode"},"sceneLighting":true,"audioPlay":false,"sceneViewState":{"showFog":true,"showMaterialUpdate":false,"showSkybox":true,"showFlares":true,"showImageEffects":true,"showParticleSystems":true},"in2DMode":false,"pivot":{"x":34.11846160888672,"y":161.0374298095703,"z":-167.19757080078126},"rotation":{"x":0.47588005661964419,"y":0.08156972378492356,"z":-0.044381532818078998,"w":0.8746034502983093},"size":66.15926361083985,"orthographic":false}