{"cameraMode":{"drawMode":0,"name":"Shaded","section":"Shading Mode"},"sceneLighting":false,"audioPlay":false,"sceneViewState":{"showFog":true,"showMaterialUpdate":false,"showSkybox":false,"showFlares":true,"showImageEffects":true,"showParticleSystems":true},"in2DMode":false,"pivot":{"x":113.0999984741211,"y":5.399999618530273,"z":-157.89999389648438},"rotation":{"x":0.40667206048965456,"y":0.004106859676539898,"z":-0.0018278304487466813,"w":0.9135718941688538},"size":92.90567779541016,"orthographic":false}