{"cameraMode":{"drawMode":0,"name":"Shaded","section":"Shading Mode"},"sceneLighting":false,"audioPlay":false,"sceneViewState":{"showFog":true,"showMaterialUpdate":false,"showSkybox":false,"showFlares":true,"showImageEffects":true,"showParticleSystems":true},"in2DMode":false,"pivot":{"x":282.1000061035156,"y":3.0,"z":-188.1999969482422},"rotation":{"x":0.40667206048965456,"y":0.004106859676539898,"z":-0.0018278304487466813,"w":0.9135718941688538},"size":95.93978881835938,"orthographic":false}